file,category
000012.jpg,7
000017.jpg,13
000023.jpg,15
000026.jpg,7
000032.jpg,1
000033.jpg,1
000034.jpg,19
000035.jpg,15
000036.jpg,12
000042.jpg,19
000044.jpg,9
000047.jpg,7
000048.jpg,15
000061.jpg,4
000064.jpg,3
000066.jpg,15
000073.jpg,16
000077.jpg,8
000078.jpg,12
000083.jpg,7
000089.jpg,9
000091.jpg,7
000104.jpg,15
000112.jpg,12
000122.jpg,8
000129.jpg,15
000133.jpg,15
000134.jpg,7
000138.jpg,15
000140.jpg,18
000141.jpg,3
000147.jpg,9
000153.jpg,7
000154.jpg,4
000159.jpg,7
000161.jpg,7
000162.jpg,15
000163.jpg,14
000164.jpg,14
000171.jpg,15
000173.jpg,13
000174.jpg,15
000187.jpg,20
000189.jpg,3
000192.jpg,15
000193.jpg,15
000194.jpg,13
000198.jpg,19
000200.jpg,15
000207.jpg,6
000209.jpg,8
000219.jpg,14
000220.jpg,7
000222.jpg,15
000225.jpg,17
000228.jpg,1
000235.jpg,11
000242.jpg,8
000250.jpg,5
000256.jpg,1
000259.jpg,15
000262.jpg,7
000263.jpg,7
000276.jpg,15
000278.jpg,15
000282.jpg,15
000288.jpg,6
000294.jpg,3
000296.jpg,4
000306.jpg,10
000307.jpg,16
000311.jpg,7
000312.jpg,19
000317.jpg,7
000320.jpg,15
000325.jpg,1
000331.jpg,9
000334.jpg,7
000337.jpg,15
000344.jpg,5
000347.jpg,13
000349.jpg,11
000355.jpg,7
000359.jpg,9
000367.jpg,15
000370.jpg,4
000372.jpg,13
000379.jpg,2
000382.jpg,4
000387.jpg,7
000391.jpg,16
000394.jpg,15
000395.jpg,3
000400.jpg,8
000404.jpg,7
000406.jpg,7
000407.jpg,13
000411.jpg,15
000416.jpg,17
000430.jpg,8
000431.jpg,1
000438.jpg,15
000446.jpg,15
000450.jpg,19
000454.jpg,12
000463.jpg,14
000468.jpg,15
000469.jpg,7
000470.jpg,13
000474.jpg,7
000476.jpg,15
000477.jpg,15
000484.jpg,16
000489.jpg,3
000496.jpg,9
000503.jpg,18
000508.jpg,3
000516.jpg,15
000518.jpg,6
000519.jpg,4
000522.jpg,7
000524.jpg,13
000525.jpg,14
000526.jpg,15
000528.jpg,8
000535.jpg,15
000537.jpg,12
000541.jpg,7
000544.jpg,8
000549.jpg,8
000550.jpg,11
000552.jpg,1
000554.jpg,18
000555.jpg,15
000559.jpg,20
000565.jpg,2
000577.jpg,13
000583.jpg,14
000589.jpg,15
000590.jpg,7
000592.jpg,18
000597.jpg,15
000605.jpg,7
000609.jpg,12
000612.jpg,19
000620.jpg,7
000622.jpg,10
000625.jpg,15
000632.jpg,9
000633.jpg,15
000635.jpg,19
000648.jpg,6
000654.jpg,17
000657.jpg,1
000671.jpg,2
000672.jpg,7
000680.jpg,3
000685.jpg,14
000688.jpg,7
000689.jpg,19
000695.jpg,13
000699.jpg,9
000700.jpg,7
000709.jpg,15
000710.jpg,9
000711.jpg,16
000726.jpg,15
000729.jpg,16
000731.jpg,15
000733.jpg,14
000739.jpg,15
000740.jpg,4
000753.jpg,11
000754.jpg,6
000761.jpg,18
000764.jpg,13
000767.jpg,10
000768.jpg,6
000770.jpg,10
000774.jpg,19
000793.jpg,2
000796.jpg,3
000804.jpg,18
000805.jpg,12
000810.jpg,15
000812.jpg,15
000818.jpg,19
000820.jpg,17
000822.jpg,14
000823.jpg,7
000827.jpg,10
000828.jpg,15
000829.jpg,6
000830.jpg,11
000845.jpg,1
000849.jpg,12
000850.jpg,3
000851.jpg,14
000859.jpg,15
000860.jpg,7
000865.jpg,15
000867.jpg,16
000871.jpg,7
000887.jpg,1
000888.jpg,7
000889.jpg,16
000892.jpg,14
000898.jpg,18
000899.jpg,19
000900.jpg,17
000902.jpg,12
000904.jpg,15
000906.jpg,4
000908.jpg,1
000912.jpg,8
000915.jpg,15
000919.jpg,12
000929.jpg,11
000936.jpg,1
000943.jpg,15
000950.jpg,11
000951.jpg,5
000954.jpg,3
000958.jpg,12
000962.jpg,8
000964.jpg,3
000965.jpg,18
000966.jpg,19
000967.jpg,19
000977.jpg,7
000980.jpg,3
000987.jpg,14
000989.jpg,20
000991.jpg,13
000993.jpg,19
000996.jpg,11
000997.jpg,18
000999.jpg,15
001001.jpg,8
001002.jpg,4
001008.jpg,14
001010.jpg,20
001011.jpg,15
001014.jpg,15
001015.jpg,3
001024.jpg,15
001036.jpg,15
001043.jpg,8
001050.jpg,15
001057.jpg,7
001060.jpg,7
001064.jpg,13
001068.jpg,14
001071.jpg,13
001073.jpg,10
001077.jpg,20
001078.jpg,8
001079.jpg,11
001082.jpg,8
001101.jpg,15
001106.jpg,9
001112.jpg,19
001113.jpg,15
001119.jpg,7
001127.jpg,12
001129.jpg,18
001130.jpg,10
001140.jpg,15
001147.jpg,15
001151.jpg,15
001152.jpg,6
001156.jpg,8
001158.jpg,9
001168.jpg,15
001171.jpg,15
001172.jpg,19
001174.jpg,11
001182.jpg,10
001191.jpg,17
001194.jpg,2
001204.jpg,18
001205.jpg,4
001207.jpg,3
001209.jpg,12
001212.jpg,15
001214.jpg,18
001226.jpg,12
001229.jpg,15
001230.jpg,1
001234.jpg,15
001237.jpg,7
001239.jpg,12
001240.jpg,15
001248.jpg,15
001258.jpg,7
001263.jpg,11
001268.jpg,7
001269.jpg,15
001270.jpg,1
001273.jpg,3
001279.jpg,15
001287.jpg,15
001294.jpg,7
001299.jpg,10
001304.jpg,15
001309.jpg,15
001312.jpg,10
001314.jpg,8
001315.jpg,15
001323.jpg,19
001325.jpg,4
001326.jpg,18
001327.jpg,15
001332.jpg,1
001333.jpg,14
001334.jpg,7
001345.jpg,9
001346.jpg,15
001348.jpg,3
001364.jpg,7
001365.jpg,3
001378.jpg,3
001384.jpg,7
001385.jpg,6
001388.jpg,18
001390.jpg,15
001393.jpg,11
001395.jpg,8
001402.jpg,18
001404.jpg,8
001405.jpg,13
001406.jpg,18
001408.jpg,15
001409.jpg,7
001414.jpg,7
001418.jpg,12
001420.jpg,13
001421.jpg,15
001426.jpg,15
001427.jpg,15
001434.jpg,6
001436.jpg,1
001442.jpg,10
001450.jpg,15
001451.jpg,15
001453.jpg,3
001455.jpg,2
001457.jpg,18
001468.jpg,10
001470.jpg,20
001479.jpg,15
001480.jpg,15
001483.jpg,19
001485.jpg,14
001486.jpg,8
001488.jpg,7
001492.jpg,7
001494.jpg,7
001498.jpg,15
001499.jpg,15
001501.jpg,15
001504.jpg,15
001512.jpg,3
001515.jpg,13
001517.jpg,12
001521.jpg,15
001524.jpg,15
001526.jpg,15
001528.jpg,3
001529.jpg,18
001532.jpg,7
001539.jpg,2
001548.jpg,15
001555.jpg,8
001556.jpg,13
001557.jpg,1
001559.jpg,7
001563.jpg,11
001576.jpg,7
001579.jpg,2
001580.jpg,15
001586.jpg,13
001590.jpg,20
001593.jpg,15
001594.jpg,15
001597.jpg,3
001604.jpg,7
001607.jpg,12
001610.jpg,8
001611.jpg,15
001612.jpg,19
001622.jpg,7
001627.jpg,15
001630.jpg,15
001633.jpg,11
001636.jpg,2
001643.jpg,12
001649.jpg,15
001650.jpg,18
001651.jpg,15
001654.jpg,15
001661.jpg,17
001662.jpg,7
001669.jpg,8
001673.jpg,8
001676.jpg,7
001680.jpg,12
001683.jpg,11
001684.jpg,3
001688.jpg,14
001690.jpg,13
001699.jpg,13
001707.jpg,3
001708.jpg,1
001711.jpg,15
001713.jpg,10
001714.jpg,17
001717.jpg,15
001721.jpg,15
001723.jpg,15
001729.jpg,9
001732.jpg,4
001733.jpg,17
001734.jpg,17
001738.jpg,12
001739.jpg,3
001741.jpg,10
001750.jpg,17
001752.jpg,20
001754.jpg,15
001758.jpg,15
001759.jpg,15
001761.jpg,1
001765.jpg,14
001766.jpg,13
001768.jpg,8
001777.jpg,11
001780.jpg,14
001787.jpg,3
001789.jpg,19
001800.jpg,15
001806.jpg,15
001809.jpg,20
001810.jpg,15
001821.jpg,7
001825.jpg,8
001828.jpg,15
001832.jpg,15
001834.jpg,11
001836.jpg,18
001840.jpg,8
001841.jpg,15
001843.jpg,15
001845.jpg,7
001853.jpg,3
001854.jpg,15
001858.jpg,1
001861.jpg,15
001864.jpg,15
001870.jpg,1
001881.jpg,7
001892.jpg,6
001894.jpg,13
001896.jpg,3
001898.jpg,16
001902.jpg,6
001903.jpg,14
001904.jpg,15
001906.jpg,8
001915.jpg,3
001922.jpg,1
001928.jpg,14
001930.jpg,15
001937.jpg,7
001938.jpg,15
001941.jpg,14
001945.jpg,13
001950.jpg,15
001952.jpg,3
001954.jpg,7
001960.jpg,13
001963.jpg,11
001971.jpg,8
001977.jpg,15
001978.jpg,15
001980.jpg,15
001981.jpg,8
001985.jpg,12
001989.jpg,15
001995.jpg,9
001999.jpg,15
002001.jpg,1
002002.jpg,9
002004.jpg,20
002006.jpg,8
002012.jpg,15
002015.jpg,16
002020.jpg,3
002025.jpg,9
002027.jpg,6
002034.jpg,8
002037.jpg,3
002039.jpg,4
002042.jpg,13
002043.jpg,13
002047.jpg,18
002049.jpg,16
002051.jpg,15
002055.jpg,15
002056.jpg,6
002061.jpg,11
002068.jpg,19
002069.jpg,15
002095.jpg,8
002096.jpg,15
002104.jpg,14
002108.jpg,11
002116.jpg,12
002117.jpg,15
002120.jpg,15
002126.jpg,10
002132.jpg,20
002134.jpg,7
002139.jpg,5
002151.jpg,8
002153.jpg,7
002155.jpg,14
002156.jpg,11
002158.jpg,3
002166.jpg,19
002170.jpg,7
002172.jpg,15
002176.jpg,15
002178.jpg,7
002179.jpg,16
002180.jpg,19
002182.jpg,7
002186.jpg,15
002187.jpg,13
002191.jpg,14
002192.jpg,16
002193.jpg,15
002194.jpg,15
002196.jpg,8
002197.jpg,7
002199.jpg,12
002208.jpg,4
002212.jpg,3
002215.jpg,8
002219.jpg,15
002221.jpg,15
002224.jpg,15
002234.jpg,4
002237.jpg,10
002238.jpg,15
002241.jpg,7
002247.jpg,7
002249.jpg,13
002253.jpg,2
002255.jpg,1
002256.jpg,6
002260.jpg,14
002265.jpg,15
002277.jpg,15
002279.jpg,1
002280.jpg,20
002284.jpg,16
002287.jpg,9
002291.jpg,7
002293.jpg,15
002306.jpg,15
002307.jpg,7
002310.jpg,3
002311.jpg,7
002315.jpg,12
002318.jpg,14
002320.jpg,16
002321.jpg,19
002323.jpg,10
002334.jpg,9
002335.jpg,18
002342.jpg,15
002347.jpg,16
002350.jpg,5
002354.jpg,1
002355.jpg,7
002359.jpg,12
002362.jpg,9
002368.jpg,9
002373.jpg,7
002384.jpg,15
002392.jpg,4
002401.jpg,15
002403.jpg,4
002405.jpg,13
002410.jpg,15
002411.jpg,7
002413.jpg,15
002419.jpg,14
002420.jpg,7
002423.jpg,19
002433.jpg,15
002436.jpg,7
002439.jpg,1
002442.jpg,11
002443.jpg,12
002445.jpg,8
002448.jpg,13
002458.jpg,14
002461.jpg,8
002465.jpg,4
002466.jpg,12
002468.jpg,3
002471.jpg,13
002472.jpg,1
002478.jpg,7
002480.jpg,8
002481.jpg,15
002483.jpg,15
002490.jpg,6
002494.jpg,10
002496.jpg,19
002500.jpg,4
002501.jpg,9
002502.jpg,19
002512.jpg,2
002514.jpg,15
002518.jpg,15
002519.jpg,14
002533.jpg,7
002534.jpg,7
002539.jpg,6
002544.jpg,7
002545.jpg,15
002547.jpg,3
002554.jpg,15
002555.jpg,13
002558.jpg,15
002559.jpg,7
002564.jpg,15
002569.jpg,16
002571.jpg,3
002572.jpg,15
002579.jpg,3
002590.jpg,19
002594.jpg,16
002595.jpg,7
002599.jpg,14
002603.jpg,3
002609.jpg,12
002611.jpg,15
002625.jpg,7
002627.jpg,11
002634.jpg,10
002635.jpg,3
002645.jpg,9
002647.jpg,7
002648.jpg,17
002653.jpg,4
002662.jpg,11
002664.jpg,3
002666.jpg,14
002669.jpg,10
002680.jpg,12
002682.jpg,7
002683.jpg,17
002684.jpg,13
002691.jpg,15
002697.jpg,12
002702.jpg,9
002704.jpg,7
002710.jpg,15
002713.jpg,15
002715.jpg,2
002722.jpg,2
002730.jpg,7
002735.jpg,13
002737.jpg,1
002738.jpg,4
002744.jpg,15
002745.jpg,5
002749.jpg,10
002755.jpg,15
002757.jpg,19
002759.jpg,14
002763.jpg,10
002765.jpg,1
002766.jpg,8
002774.jpg,13
002778.jpg,9
002779.jpg,7
002782.jpg,19
002783.jpg,6
002791.jpg,3
002795.jpg,14
002796.jpg,8
002801.jpg,11
002804.jpg,15
002807.jpg,14
002816.jpg,6
002817.jpg,16
002820.jpg,16
002826.jpg,15
002834.jpg,15
002841.jpg,15
002844.jpg,19
002845.jpg,17
002848.jpg,14
002855.jpg,18
002858.jpg,13
002864.jpg,15
002866.jpg,11
002867.jpg,6
002868.jpg,10
002869.jpg,1
002870.jpg,15
002873.jpg,1
002881.jpg,15
002899.jpg,6
002906.jpg,19
002914.jpg,15
002919.jpg,3
002931.jpg,15
002934.jpg,8
002937.jpg,7
002939.jpg,15
002953.jpg,20
002956.jpg,2
002957.jpg,9
002958.jpg,15
002962.jpg,15
002969.jpg,3
002975.jpg,19
002976.jpg,15
002987.jpg,15
002988.jpg,15
002989.jpg,9
002990.jpg,15
002992.jpg,2
002995.jpg,8
003002.jpg,15
003003.jpg,15
003007.jpg,7
003011.jpg,18
003013.jpg,7
003024.jpg,18
003027.jpg,13
003034.jpg,15
003042.jpg,11
003047.jpg,2
003051.jpg,7
003053.jpg,19
003061.jpg,9
003063.jpg,18
003066.jpg,3
003074.jpg,3
003077.jpg,15
003083.jpg,6
003085.jpg,8
003088.jpg,15
003092.jpg,7
003100.jpg,12
003103.jpg,7
003105.jpg,10
003106.jpg,15
003107.jpg,15
003108.jpg,18
003110.jpg,12
003116.jpg,3
003122.jpg,15
003124.jpg,14
003133.jpg,1
003134.jpg,15
003135.jpg,19
003138.jpg,15
003140.jpg,15
003145.jpg,15
003146.jpg,16
003147.jpg,12
003149.jpg,5
003150.jpg,15
003155.jpg,3
003157.jpg,20
003159.jpg,15
003161.jpg,17
003163.jpg,6
003165.jpg,7
003169.jpg,8
003175.jpg,15
003181.jpg,15
003183.jpg,1
003184.jpg,8
003185.jpg,15
003188.jpg,2
003202.jpg,9
003204.jpg,20
003205.jpg,9
003211.jpg,16
003214.jpg,7
003229.jpg,1
003231.jpg,7
003233.jpg,1
003236.jpg,18
003240.jpg,7
003242.jpg,3
003244.jpg,19
003247.jpg,15
003253.jpg,15
003254.jpg,3
003259.jpg,15
003260.jpg,15
003261.jpg,15
003269.jpg,5
003270.jpg,3
003273.jpg,3
003279.jpg,18
003280.jpg,15
003282.jpg,15
003284.jpg,15
003290.jpg,13
003292.jpg,15
003303.jpg,15
003308.jpg,9
003320.jpg,15
003330.jpg,3
003331.jpg,7
003336.jpg,14
003337.jpg,4
003338.jpg,3
003339.jpg,12
003343.jpg,12
003349.jpg,3
003350.jpg,11
003354.jpg,10
003355.jpg,7
003356.jpg,20
003359.jpg,7
003363.jpg,7
003365.jpg,1
003367.jpg,14
003369.jpg,1
003373.jpg,12
003374.jpg,12
003379.jpg,7
003380.jpg,15
003382.jpg,15
003392.jpg,8
003395.jpg,2
003396.jpg,14
003401.jpg,9
003406.jpg,7
003408.jpg,18
003412.jpg,14
003413.jpg,4
003416.jpg,15
003417.jpg,19
003420.jpg,7
003421.jpg,9
003424.jpg,15
003430.jpg,12
003433.jpg,15
003436.jpg,13
003439.jpg,10
003441.jpg,6
003450.jpg,18
003452.jpg,11
003466.jpg,15
003477.jpg,9
003484.jpg,7
003487.jpg,15
003489.jpg,12
003491.jpg,12
003493.jpg,1
003496.jpg,15
003497.jpg,19
003499.jpg,19
003500.jpg,8
003506.jpg,16
003508.jpg,12
003509.jpg,16
003510.jpg,9
003511.jpg,2
003522.jpg,8
003524.jpg,3
003525.jpg,8
003529.jpg,15
003539.jpg,15
003548.jpg,15
003549.jpg,2
003550.jpg,15
003551.jpg,7
003555.jpg,7
003564.jpg,19
003565.jpg,3
003575.jpg,18
003576.jpg,6
003577.jpg,11
003585.jpg,14
003586.jpg,8
003588.jpg,9
003596.jpg,7
003599.jpg,2
003603.jpg,11
003604.jpg,12
003605.jpg,19
003608.jpg,7
003609.jpg,9
003614.jpg,3
003621.jpg,2
003622.jpg,16
003625.jpg,13
003627.jpg,12
003628.jpg,19
003629.jpg,16
003634.jpg,7
003635.jpg,6
003642.jpg,6
003644.jpg,15
003645.jpg,15
003646.jpg,3
003656.jpg,8
003658.jpg,2
003662.jpg,9
003663.jpg,15
003664.jpg,15
003671.jpg,12
003678.jpg,15
003679.jpg,3
003681.jpg,17
003688.jpg,15
003694.jpg,16
003695.jpg,19
003698.jpg,17
003699.jpg,15
003700.jpg,15
003704.jpg,3
003705.jpg,17
003713.jpg,7
003714.jpg,17
003732.jpg,13
003735.jpg,13
003740.jpg,15
003743.jpg,18
003748.jpg,3
003749.jpg,15
003751.jpg,18
003752.jpg,19
003758.jpg,16
003759.jpg,15
003763.jpg,8
003767.jpg,9
003773.jpg,1
003779.jpg,13
003781.jpg,15
003784.jpg,2
003786.jpg,6
003788.jpg,9
003790.jpg,7
003792.jpg,12
003797.jpg,4
003806.jpg,7
003807.jpg,8
003811.jpg,4
003817.jpg,15
003818.jpg,19
003824.jpg,14
003827.jpg,15
003828.jpg,3
003830.jpg,19
003834.jpg,16
003835.jpg,6
003847.jpg,15
003849.jpg,14
003856.jpg,15
003859.jpg,11
003860.jpg,4
003861.jpg,4
003865.jpg,15
003866.jpg,19
003874.jpg,17
003879.jpg,15
003887.jpg,10
003889.jpg,13
003890.jpg,8
003898.jpg,3
003899.jpg,12
003907.jpg,18
003912.jpg,8
003913.jpg,15
003921.jpg,12
003932.jpg,15
003935.jpg,12
003936.jpg,7
003939.jpg,13
003945.jpg,2
003949.jpg,3
003953.jpg,15
003956.jpg,16
003961.jpg,15
003969.jpg,3
003970.jpg,13
003971.jpg,7
003974.jpg,4
003983.jpg,20
003987.jpg,7
003988.jpg,9
003991.jpg,8
003993.jpg,1
003997.jpg,7
003998.jpg,7
004005.jpg,19
004008.jpg,12
004009.jpg,1
004012.jpg,9
004013.jpg,3
004014.jpg,9
004016.jpg,8
004017.jpg,15
004019.jpg,7
004023.jpg,10
004028.jpg,16
004033.jpg,14
004034.jpg,12
004035.jpg,12
004037.jpg,16
004046.jpg,3
004052.jpg,1
004058.jpg,15
004067.jpg,14
004091.jpg,7
004092.jpg,15
004093.jpg,9
004095.jpg,12
004100.jpg,20
004106.jpg,9
004111.jpg,15
004120.jpg,6
004121.jpg,15
004129.jpg,8
004131.jpg,3
004133.jpg,15
004136.jpg,2
004137.jpg,15
004138.jpg,15
004140.jpg,2
004146.jpg,13
004149.jpg,11
004152.jpg,5
004158.jpg,15
004163.jpg,20
004164.jpg,18
004168.jpg,13
004169.jpg,15
004170.jpg,4
004171.jpg,3
004189.jpg,12
004190.jpg,20
004196.jpg,1
004200.jpg,10
004201.jpg,15
004209.jpg,15
004215.jpg,14
004220.jpg,3
004221.jpg,3
004223.jpg,15
004224.jpg,1
004228.jpg,7
004231.jpg,15
004232.jpg,12
004237.jpg,20
004241.jpg,4
004242.jpg,7
004244.jpg,7
004247.jpg,3
004253.jpg,11
004255.jpg,14
004256.jpg,19
004263.jpg,3
004269.jpg,15
004270.jpg,15
004271.jpg,3
004272.jpg,12
004273.jpg,15
004280.jpg,5
004281.jpg,19
004283.jpg,14
004287.jpg,15
004291.jpg,15
004292.jpg,16
004296.jpg,11
004300.jpg,14
004303.jpg,6
004307.jpg,13
004315.jpg,19
004318.jpg,12
004322.jpg,15
004325.jpg,4
004327.jpg,12
004333.jpg,5
004338.jpg,14
004339.jpg,13
004345.jpg,8
004347.jpg,3
004359.jpg,15
004360.jpg,15
004361.jpg,14
004365.jpg,7
004367.jpg,7
004370.jpg,15
004371.jpg,4
004372.jpg,13
004376.jpg,8
004379.jpg,1
004386.jpg,7
004387.jpg,6
004389.jpg,13
004391.jpg,1
004392.jpg,15
004404.jpg,15
004434.jpg,12
004436.jpg,19
004439.jpg,7
004441.jpg,10
004452.jpg,1
004470.jpg,1
004471.jpg,15
004479.jpg,15
004481.jpg,7
004484.jpg,11
004496.jpg,15
004500.jpg,10
004502.jpg,8
004508.jpg,15
004510.jpg,9
004514.jpg,20
004517.jpg,15
004519.jpg,7
004520.jpg,15
004524.jpg,3
004526.jpg,7
004537.jpg,13
004540.jpg,18
004544.jpg,6
004548.jpg,12
004549.jpg,9
004551.jpg,12
004553.jpg,13
004562.jpg,15
004563.jpg,7
004565.jpg,12
004566.jpg,8
004570.jpg,1
004571.jpg,10
004576.jpg,7
004579.jpg,19
004584.jpg,18
004587.jpg,12
004591.jpg,7
004595.jpg,15
004597.jpg,9
004604.jpg,14
004605.jpg,2
004607.jpg,18
004611.jpg,15
004612.jpg,3
004622.jpg,15
004623.jpg,3
004625.jpg,13
004627.jpg,19
004628.jpg,8
004631.jpg,15
004634.jpg,13
004636.jpg,3
004643.jpg,1
004644.jpg,12
004648.jpg,6
004651.jpg,4
004656.jpg,13
004671.jpg,5
004675.jpg,19
004679.jpg,15
004683.jpg,8
004685.jpg,15
004686.jpg,13
004687.jpg,14
004691.jpg,19
004693.jpg,19
004694.jpg,14
004701.jpg,5
004702.jpg,3
004705.jpg,7
004706.jpg,15
004710.jpg,5
004714.jpg,9
004715.jpg,15
004718.jpg,15
004723.jpg,15
004735.jpg,9
004737.jpg,12
004742.jpg,11
004743.jpg,8
004747.jpg,7
004748.jpg,1
004753.jpg,15
004754.jpg,20
004760.jpg,12
004773.jpg,11
004776.jpg,19
004779.jpg,7
004782.jpg,15
004783.jpg,3
004790.jpg,15
004792.jpg,8
004793.jpg,7
004794.jpg,3
004797.jpg,2
004799.jpg,3
004801.jpg,15
004808.jpg,7
004815.jpg,13
004823.jpg,7
004828.jpg,7
004830.jpg,7
004832.jpg,15
004836.jpg,14
004837.jpg,18
004841.jpg,1
004842.jpg,17
004846.jpg,15
004848.jpg,3
004849.jpg,19
004857.jpg,15
004869.jpg,3
004873.jpg,7
004876.jpg,3
004879.jpg,2
004882.jpg,14
004885.jpg,4
004897.jpg,15
004898.jpg,15
004902.jpg,15
004905.jpg,1
004907.jpg,8
004910.jpg,6
004911.jpg,19
004913.jpg,15
004929.jpg,12
004946.jpg,15
004951.jpg,19
004955.jpg,8
004958.jpg,4
004961.jpg,7
004962.jpg,7
004966.jpg,3
004968.jpg,13
004972.jpg,3
004973.jpg,7
004974.jpg,3
004976.jpg,11
004984.jpg,9
004987.jpg,15
004990.jpg,15
004991.jpg,11
004992.jpg,12
004995.jpg,13
005001.jpg,17
005004.jpg,18
005006.jpg,3
005007.jpg,20
005016.jpg,1
005018.jpg,12
005020.jpg,7
005023.jpg,3
005024.jpg,15
005026.jpg,6
005027.jpg,20
005029.jpg,2
005032.jpg,19
005033.jpg,3
005045.jpg,15
005047.jpg,7
005052.jpg,15
005057.jpg,2
005058.jpg,17
005061.jpg,15
005065.jpg,7
005068.jpg,6
005071.jpg,7
005073.jpg,4
005078.jpg,8
005084.jpg,3
005086.jpg,15
005090.jpg,6
005093.jpg,14
005094.jpg,19
005097.jpg,12
005101.jpg,9
005107.jpg,2
005108.jpg,1
005114.jpg,15
005121.jpg,12
005122.jpg,15
005124.jpg,10
005129.jpg,9
005130.jpg,3
005134.jpg,15
005138.jpg,3
005143.jpg,16
005153.jpg,20
005156.jpg,14
005168.jpg,19
005169.jpg,8
005171.jpg,4
005173.jpg,15
005177.jpg,18
005181.jpg,4
005183.jpg,16
005186.jpg,16
005189.jpg,15
005190.jpg,15
005191.jpg,11
005202.jpg,3
005203.jpg,18
005208.jpg,15
005215.jpg,14
005217.jpg,4
005219.jpg,15
005223.jpg,17
005231.jpg,18
005236.jpg,15
005244.jpg,19
005245.jpg,15
005246.jpg,3
005257.jpg,4
005258.jpg,14
005259.jpg,7
005260.jpg,15
005262.jpg,6
005269.jpg,19
005273.jpg,2
005283.jpg,15
005285.jpg,3
005288.jpg,17
005290.jpg,1
005292.jpg,18
005297.jpg,15
005303.jpg,15
005304.jpg,15
005307.jpg,15
005310.jpg,15
005311.jpg,15
005318.jpg,7
005327.jpg,18
005336.jpg,18
005337.jpg,4
005338.jpg,3
005344.jpg,15
005345.jpg,11
005351.jpg,13
005358.jpg,1
005360.jpg,19
005363.jpg,17
005368.jpg,15
005369.jpg,4
005373.jpg,7
005374.jpg,6
005387.jpg,6
005388.jpg,5
005389.jpg,19
005391.jpg,1
005396.jpg,15
005404.jpg,10
005405.jpg,15
005406.jpg,1
005408.jpg,12
005410.jpg,15
005413.jpg,15
005414.jpg,15
005417.jpg,15
005420.jpg,4
005424.jpg,15
005433.jpg,18
005440.jpg,19
005445.jpg,8
005448.jpg,15
005450.jpg,15
005451.jpg,15
005453.jpg,13
005455.jpg,8
005457.jpg,7
005467.jpg,11
005478.jpg,15
005483.jpg,7
005487.jpg,1
005489.jpg,7
005496.jpg,4
005499.jpg,7
005508.jpg,15
005509.jpg,1
005511.jpg,13
005514.jpg,10
005515.jpg,16
005519.jpg,8
005524.jpg,12
005526.jpg,15
005527.jpg,15
005536.jpg,7
005541.jpg,15
005542.jpg,15
005544.jpg,19
005547.jpg,7
005563.jpg,15
005566.jpg,7
005568.jpg,13
005574.jpg,1
005579.jpg,8
005582.jpg,15
005585.jpg,7
005591.jpg,11
005592.jpg,7
005599.jpg,15
005600.jpg,1
005601.jpg,12
005603.jpg,3
005605.jpg,9
005609.jpg,7
005611.jpg,13
005624.jpg,3
005625.jpg,3
005630.jpg,8
005631.jpg,6
005636.jpg,13
005637.jpg,3
005639.jpg,2
005644.jpg,15
005648.jpg,15
005654.jpg,19
005658.jpg,6
005668.jpg,12
005669.jpg,15
005680.jpg,19
005686.jpg,11
005695.jpg,15
005697.jpg,18
005699.jpg,4
005700.jpg,15
005704.jpg,15
005705.jpg,4
005710.jpg,9
005713.jpg,4
005715.jpg,8
005718.jpg,9
005728.jpg,10
005730.jpg,9
005731.jpg,6
005735.jpg,19
005738.jpg,7
005740.jpg,15
005742.jpg,4
005752.jpg,12
005756.jpg,7
005757.jpg,15
005764.jpg,15
005765.jpg,15
005769.jpg,8
005780.jpg,15
005782.jpg,7
005783.jpg,14
005784.jpg,15
005786.jpg,15
005789.jpg,12
005796.jpg,15
005803.jpg,11
005805.jpg,3
005806.jpg,7
005813.jpg,16
005814.jpg,15
005817.jpg,16
005821.jpg,9
005824.jpg,15
005826.jpg,15
005831.jpg,7
005836.jpg,15
005838.jpg,8
005840.jpg,15
005843.jpg,10
005850.jpg,8
005851.jpg,19
005859.jpg,15
005860.jpg,4
005861.jpg,7
005864.jpg,18
005867.jpg,9
005873.jpg,15
005881.jpg,15
005884.jpg,14
005885.jpg,15
005888.jpg,12
005889.jpg,15
005893.jpg,19
005895.jpg,1
005899.jpg,12
005901.jpg,8
005903.jpg,19
005905.jpg,15
005908.jpg,15
005909.jpg,3
005910.jpg,3
005911.jpg,6
005918.jpg,7
005920.jpg,11
005923.jpg,2
005930.jpg,2
005938.jpg,15
005947.jpg,17
005948.jpg,13
005951.jpg,14
005960.jpg,8
005961.jpg,6
005964.jpg,17
005971.jpg,15
005980.jpg,8
005983.jpg,3
005984.jpg,15
005990.jpg,14
005992.jpg,18
006004.jpg,9
006009.jpg,7
006011.jpg,7
006020.jpg,18
006023.jpg,19
006025.jpg,1
006030.jpg,11
006033.jpg,15
006038.jpg,14
006043.jpg,7
006061.jpg,8
006065.jpg,12
006066.jpg,20
006067.jpg,1
006070.jpg,3
006073.jpg,10
006074.jpg,20
006078.jpg,9
006079.jpg,4
006088.jpg,18
006091.jpg,3
006095.jpg,10
006096.jpg,6
006100.jpg,18
006103.jpg,7
006104.jpg,18
006105.jpg,8
006123.jpg,4
006128.jpg,7
006130.jpg,18
006131.jpg,20
006134.jpg,13
006135.jpg,19
006140.jpg,15
006141.jpg,5
006156.jpg,15
006158.jpg,18
006162.jpg,1
006166.jpg,19
006170.jpg,10
006171.jpg,12
006172.jpg,15
006174.jpg,12
006175.jpg,15
006176.jpg,15
006177.jpg,14
006179.jpg,20
006180.jpg,15
006181.jpg,3
006183.jpg,8
006187.jpg,15
006189.jpg,12
006196.jpg,7
006208.jpg,1
006210.jpg,7
006221.jpg,15
006223.jpg,7
006224.jpg,7
006225.jpg,7
006229.jpg,15
006230.jpg,12
006236.jpg,14
006238.jpg,15
006243.jpg,14
006247.jpg,17
006250.jpg,7
006251.jpg,17
006261.jpg,7
006262.jpg,8
006264.jpg,3
006267.jpg,12
006270.jpg,9
006272.jpg,15
006275.jpg,19
006279.jpg,1
006285.jpg,13
006289.jpg,15
006290.jpg,6
006291.jpg,10
006299.jpg,16
006304.jpg,4
006305.jpg,8
006320.jpg,7
006329.jpg,7
006341.jpg,15
006344.jpg,19
006349.jpg,1
006352.jpg,15
006353.jpg,8
006362.jpg,7
006363.jpg,5
006366.jpg,12
006367.jpg,3
006369.jpg,7
006371.jpg,2
006374.jpg,1
006375.jpg,7
006381.jpg,11
006382.jpg,13
006395.jpg,15
006400.jpg,19
006411.jpg,20
006417.jpg,7
006418.jpg,2
006419.jpg,9
006427.jpg,15
006429.jpg,13
006433.jpg,1
006434.jpg,12
006436.jpg,4
006438.jpg,7
006442.jpg,15
006447.jpg,11
006448.jpg,5
006455.jpg,13
006458.jpg,7
006459.jpg,13
006462.jpg,8
006466.jpg,19
006470.jpg,3
006472.jpg,20
006474.jpg,12
006475.jpg,15
006476.jpg,15
006482.jpg,15
006483.jpg,15
006486.jpg,15
006495.jpg,8
006499.jpg,19
006501.jpg,6
006503.jpg,11
006506.jpg,13
006515.jpg,2
006523.jpg,1
006524.jpg,7
006536.jpg,15
006547.jpg,8
006548.jpg,3
006549.jpg,4
006550.jpg,14
006551.jpg,15
006556.jpg,12
006560.jpg,15
006564.jpg,1
006569.jpg,6
006595.jpg,8
006597.jpg,12
006602.jpg,12
006605.jpg,9
006609.jpg,15
006610.jpg,15
006612.jpg,15
006622.jpg,18
006626.jpg,15
006627.jpg,11
006635.jpg,19
006636.jpg,1
006637.jpg,15
006638.jpg,18
006648.jpg,15
006652.jpg,19
006654.jpg,7
006658.jpg,15
006660.jpg,4
006674.jpg,8
006684.jpg,20
006689.jpg,9
006694.jpg,19
006695.jpg,15
006697.jpg,15
006698.jpg,15
006703.jpg,15
006704.jpg,20
006706.jpg,3
006707.jpg,15
006708.jpg,10
006714.jpg,15
006726.jpg,16
006727.jpg,18
006731.jpg,11
006734.jpg,7
006735.jpg,12
006736.jpg,7
006738.jpg,15
006740.jpg,8
006748.jpg,7
006753.jpg,15
006755.jpg,9
006766.jpg,6
006773.jpg,1
006777.jpg,15
006781.jpg,8
006782.jpg,15
006784.jpg,15
006794.jpg,1
006805.jpg,12
006806.jpg,16
006810.jpg,15
006822.jpg,14
006824.jpg,15
006825.jpg,3
006833.jpg,15
006836.jpg,13
006839.jpg,14
006840.jpg,15
006844.jpg,19
006845.jpg,9
006847.jpg,13
006848.jpg,3
006849.jpg,12
006852.jpg,18
006858.jpg,15
006864.jpg,15
006866.jpg,13
006868.jpg,7
006869.jpg,8
006874.jpg,14
006883.jpg,8
006887.jpg,15
006893.jpg,7
006896.jpg,15
006899.jpg,17
006900.jpg,7
006909.jpg,1
006910.jpg,15
006911.jpg,13
006912.jpg,11
006914.jpg,3
006916.jpg,12
006917.jpg,5
006919.jpg,15
006930.jpg,18
006931.jpg,7
006939.jpg,15
006943.jpg,19
006947.jpg,20
006948.jpg,15
006950.jpg,15
006958.jpg,15
006959.jpg,15
006968.jpg,18
006971.jpg,8
006976.jpg,9
006983.jpg,4
007002.jpg,6
007003.jpg,7
007006.jpg,11
007007.jpg,15
007011.jpg,12
007016.jpg,15
007018.jpg,13
007023.jpg,15
007025.jpg,8
007029.jpg,2
007033.jpg,1
007036.jpg,15
007039.jpg,20
007040.jpg,7
007045.jpg,15
007050.jpg,8
007062.jpg,2
007064.jpg,11
007072.jpg,10
007073.jpg,14
007075.jpg,10
007078.jpg,9
007079.jpg,15
007080.jpg,15
007088.jpg,1
007089.jpg,12
007090.jpg,7
007092.jpg,3
007093.jpg,15
007095.jpg,6
007105.jpg,18
007108.jpg,2
007113.jpg,20
007121.jpg,15
007125.jpg,4
007128.jpg,15
007129.jpg,15
007130.jpg,20
007133.jpg,7
007138.jpg,13
007150.jpg,14
007152.jpg,1
007154.jpg,15
007159.jpg,15
007163.jpg,15
007166.jpg,12
007168.jpg,19
007177.jpg,11
007180.jpg,16
007182.jpg,15
007184.jpg,15
007185.jpg,13
007193.jpg,18
007194.jpg,3
007197.jpg,8
007205.jpg,7
007213.jpg,15
007214.jpg,15
007219.jpg,9
007222.jpg,19
007223.jpg,8
007234.jpg,13
007241.jpg,6
007243.jpg,13
007250.jpg,20
007256.jpg,15
007261.jpg,15
007263.jpg,18
007271.jpg,6
007279.jpg,6
007285.jpg,7
007289.jpg,4
007295.jpg,8
007298.jpg,6
007305.jpg,14
007308.jpg,13
007322.jpg,12
007323.jpg,5
007325.jpg,13
007327.jpg,9
007334.jpg,8
007336.jpg,15
007351.jpg,5
007361.jpg,19
007365.jpg,4
007369.jpg,9
007370.jpg,5
007373.jpg,11
007375.jpg,1
007381.jpg,15
007385.jpg,18
007389.jpg,10
007394.jpg,20
007396.jpg,16
007398.jpg,6
007410.jpg,15
007411.jpg,12
007413.jpg,1
007417.jpg,12
007419.jpg,8
007421.jpg,3
007425.jpg,18
007431.jpg,3
007437.jpg,6
007446.jpg,15
007454.jpg,8
007458.jpg,11
007466.jpg,15
007467.jpg,19
007468.jpg,7
007474.jpg,12
007477.jpg,4
007479.jpg,7
007481.jpg,3
007483.jpg,15
007490.jpg,7
007491.jpg,18
007493.jpg,15
007497.jpg,7
007503.jpg,1
007513.jpg,19
007519.jpg,16
007521.jpg,4
007524.jpg,8
007526.jpg,13
007530.jpg,9
007535.jpg,15
007536.jpg,18
007538.jpg,9
007540.jpg,15
007544.jpg,11
007558.jpg,15
007565.jpg,8
007566.jpg,7
007570.jpg,15
007572.jpg,15
007575.jpg,6
007578.jpg,15
007586.jpg,19
007590.jpg,15
007594.jpg,13
007600.jpg,16
007601.jpg,7
007606.jpg,15
007611.jpg,13
007619.jpg,15
007621.jpg,17
007629.jpg,15
007631.jpg,15
007633.jpg,6
007637.jpg,13
007653.jpg,7
007654.jpg,1
007655.jpg,2
007663.jpg,7
007667.jpg,7
007683.jpg,15
007685.jpg,4
007692.jpg,12
007696.jpg,19
007697.jpg,13
007699.jpg,7
007704.jpg,18
007713.jpg,3
007718.jpg,4
007721.jpg,3
007729.jpg,20
007731.jpg,7
007735.jpg,11
007736.jpg,6
007740.jpg,5
007748.jpg,13
007749.jpg,12
007751.jpg,15
007753.jpg,8
007762.jpg,20
007767.jpg,19
007775.jpg,12
007777.jpg,11
007781.jpg,16
007790.jpg,5
007791.jpg,12
007795.jpg,15
007803.jpg,4
007809.jpg,13
007810.jpg,15
007814.jpg,15
007819.jpg,19
007820.jpg,1
007821.jpg,7
007831.jpg,3
007836.jpg,2
007838.jpg,12
007840.jpg,3
007847.jpg,3
007853.jpg,3
007854.jpg,2
007859.jpg,17
007863.jpg,8
007864.jpg,1
007872.jpg,11
007876.jpg,3
007877.jpg,15
007878.jpg,8
007883.jpg,7
007884.jpg,15
007885.jpg,8
007898.jpg,7
007900.jpg,12
007901.jpg,15
007905.jpg,7
007908.jpg,6
007910.jpg,15
007911.jpg,14
007914.jpg,3
007915.jpg,15
007923.jpg,18
007925.jpg,2
007926.jpg,19
007932.jpg,7
007939.jpg,10
007940.jpg,15
007953.jpg,15
007959.jpg,9
007963.jpg,19
007964.jpg,7
007968.jpg,12
007974.jpg,8
007976.jpg,1
007980.jpg,4
007991.jpg,3
007996.jpg,15
008001.jpg,7
008004.jpg,6
008005.jpg,10
008008.jpg,15
008012.jpg,16
008017.jpg,3
008019.jpg,13
008026.jpg,6
008037.jpg,7
008040.jpg,13
008042.jpg,18
008043.jpg,15
008044.jpg,7
008049.jpg,20
008051.jpg,3
008053.jpg,15
008062.jpg,3
008063.jpg,9
008064.jpg,16
008067.jpg,20
008072.jpg,15
008075.jpg,12
008076.jpg,11
008079.jpg,15
008082.jpg,15
008083.jpg,15
008084.jpg,3
008093.jpg,7
008095.jpg,19
008096.jpg,2
008098.jpg,6
008106.jpg,9
008108.jpg,7
008116.jpg,17
008117.jpg,3
008121.jpg,20
008127.jpg,11
008130.jpg,15
008137.jpg,5
008139.jpg,15
008142.jpg,13
008150.jpg,17
008163.jpg,4
008164.jpg,15
008166.jpg,4
008169.jpg,8
008174.jpg,7
008186.jpg,12
008188.jpg,7
008197.jpg,7
008199.jpg,15
008202.jpg,10
008203.jpg,18
008204.jpg,15
008211.jpg,15
008213.jpg,9
008216.jpg,11
008218.jpg,15
008223.jpg,17
008226.jpg,3
008232.jpg,7
008235.jpg,19
008248.jpg,15
008250.jpg,14
008252.jpg,1
008253.jpg,15
008254.jpg,8
008260.jpg,12
008261.jpg,4
008262.jpg,6
008263.jpg,19
008269.jpg,8
008272.jpg,15
008280.jpg,1
008282.jpg,18
008296.jpg,7
008301.jpg,15
008302.jpg,15
008310.jpg,1
008311.jpg,13
008312.jpg,14
008313.jpg,2
008315.jpg,6
008316.jpg,19
008317.jpg,3
008322.jpg,12
008332.jpg,15
008336.jpg,7
008338.jpg,6
008341.jpg,18
008342.jpg,17
008346.jpg,12
008351.jpg,19
008360.jpg,6
008372.jpg,1
008374.jpg,15
008381.jpg,15
008384.jpg,3
008385.jpg,15
008388.jpg,7
008391.jpg,7
008397.jpg,6
008398.jpg,15
008403.jpg,8
008409.jpg,18
008422.jpg,20
008425.jpg,12
008426.jpg,3
008427.jpg,13
008437.jpg,13
008442.jpg,8
008443.jpg,3
008445.jpg,19
008449.jpg,4
008452.jpg,15
008453.jpg,9
008456.jpg,4
008462.jpg,9
008465.jpg,16
008466.jpg,7
008467.jpg,15
008468.jpg,18
008470.jpg,11
008475.jpg,10
008477.jpg,12
008478.jpg,7
008482.jpg,7
008483.jpg,7
008495.jpg,1
008506.jpg,19
008517.jpg,7
008523.jpg,1
008529.jpg,11
008530.jpg,12
008533.jpg,8
008536.jpg,16
008549.jpg,7
008550.jpg,7
008558.jpg,12
008559.jpg,15
008568.jpg,4
008581.jpg,7
008585.jpg,15
008587.jpg,15
008588.jpg,3
008595.jpg,14
008596.jpg,15
008602.jpg,15
008610.jpg,13
008615.jpg,10
008617.jpg,15
008618.jpg,15
008628.jpg,15
008633.jpg,7
008645.jpg,4
008655.jpg,11
008663.jpg,7
008665.jpg,7
008670.jpg,3
008676.jpg,15
008688.jpg,16
008690.jpg,15
008691.jpg,19
008699.jpg,13
008702.jpg,6
008706.jpg,10
008710.jpg,19
008720.jpg,8
008723.jpg,1
008725.jpg,4
008727.jpg,7
008731.jpg,13
008732.jpg,3
008738.jpg,12
008741.jpg,2
008744.jpg,13
008748.jpg,15
008750.jpg,7
008755.jpg,3
008756.jpg,8
008757.jpg,2
008760.jpg,9
008764.jpg,3
008768.jpg,7
008770.jpg,1
008771.jpg,6
008776.jpg,3
008783.jpg,11
008784.jpg,7
008790.jpg,19
008794.jpg,7
008806.jpg,16
008809.jpg,8
008811.jpg,2
008813.jpg,15
008814.jpg,11
008815.jpg,8
008819.jpg,12
008838.jpg,6
008840.jpg,12
008841.jpg,12
008847.jpg,1
008856.jpg,8
008862.jpg,15
008865.jpg,18
008872.jpg,15
008878.jpg,19
008879.jpg,15
008883.jpg,6
008885.jpg,8
008886.jpg,13
008891.jpg,7
008900.jpg,4
008905.jpg,1
008909.jpg,7
008920.jpg,15
008923.jpg,7
008926.jpg,3
008929.jpg,7
008930.jpg,8
008932.jpg,15
008933.jpg,8
008936.jpg,9
008939.jpg,7
008944.jpg,15
008948.jpg,9
008958.jpg,7
008960.jpg,15
008961.jpg,15
008962.jpg,5
008966.jpg,6
008967.jpg,5
008968.jpg,7
008969.jpg,7
008970.jpg,16
008971.jpg,1
008973.jpg,10
008975.jpg,18
008978.jpg,7
008979.jpg,14
008980.jpg,12
008985.jpg,3
008987.jpg,18
008988.jpg,19
008989.jpg,5
008995.jpg,2
008999.jpg,4
009000.jpg,15
009004.jpg,14
009005.jpg,15
009016.jpg,5
009018.jpg,3
009020.jpg,13
009027.jpg,5
009029.jpg,7
009032.jpg,20
009036.jpg,15
009042.jpg,12
009045.jpg,7
009049.jpg,14
009058.jpg,7
009059.jpg,6
009063.jpg,1
009066.jpg,12
009068.jpg,15
009073.jpg,15
009078.jpg,7
009080.jpg,3
009086.jpg,19
009098.jpg,8
009099.jpg,3
009100.jpg,5
009106.jpg,7
009108.jpg,5
009114.jpg,13
009117.jpg,12
009121.jpg,7
009123.jpg,11
009136.jpg,15
009144.jpg,3
009148.jpg,13
009153.jpg,15
009160.jpg,14
009161.jpg,6
009166.jpg,3
009173.jpg,20
009175.jpg,16
009181.jpg,16
009184.jpg,15
009185.jpg,12
009191.jpg,14
009196.jpg,20
009197.jpg,12
009200.jpg,9
009205.jpg,7
009208.jpg,13
009209.jpg,14
009214.jpg,7
009215.jpg,16
009218.jpg,19
009227.jpg,17
009230.jpg,14
009238.jpg,15
009242.jpg,18
009245.jpg,10
009251.jpg,13
009252.jpg,18
009255.jpg,13
009259.jpg,14
009269.jpg,7
009270.jpg,3
009271.jpg,17
009272.jpg,1
009283.jpg,7
009285.jpg,8
009287.jpg,14
009288.jpg,15
009289.jpg,19
009290.jpg,15
009295.jpg,2
009296.jpg,15
009299.jpg,11
009306.jpg,15
009307.jpg,1
009308.jpg,10
009316.jpg,15
009318.jpg,13
009324.jpg,3
009325.jpg,20
009327.jpg,15
009333.jpg,20
009336.jpg,7
009339.jpg,2
009342.jpg,15
009343.jpg,15
009358.jpg,6
009359.jpg,18
009362.jpg,15
009365.jpg,1
009377.jpg,19
009386.jpg,6
009388.jpg,9
009389.jpg,19
009392.jpg,6
009393.jpg,15
009394.jpg,1
009398.jpg,8
009406.jpg,7
009407.jpg,13
009409.jpg,6
009410.jpg,15
009411.jpg,7
009413.jpg,15
009417.jpg,17
009418.jpg,15
009419.jpg,16
009420.jpg,11
009421.jpg,15
009422.jpg,3
009424.jpg,7
009429.jpg,10
009432.jpg,1
009434.jpg,7
009446.jpg,20
009458.jpg,5
009460.jpg,15
009463.jpg,10
009465.jpg,13
009466.jpg,9
009469.jpg,7
009476.jpg,1
009488.jpg,3
009490.jpg,15
009491.jpg,18
009496.jpg,15
009497.jpg,15
009499.jpg,15
009504.jpg,15
009508.jpg,19
009512.jpg,15
009515.jpg,7
009516.jpg,8
009518.jpg,12
009520.jpg,15
009523.jpg,1
009524.jpg,15
009526.jpg,11
009528.jpg,8
009537.jpg,19
009541.jpg,15
009542.jpg,15
009545.jpg,10
009549.jpg,8
009551.jpg,15
009557.jpg,15
009562.jpg,12
009566.jpg,3
009573.jpg,15
009576.jpg,20
009577.jpg,11
009579.jpg,15
009584.jpg,8
009585.jpg,15
009587.jpg,12
009596.jpg,14
009600.jpg,15
009605.jpg,12
009609.jpg,3
009613.jpg,15
009614.jpg,15
009615.jpg,1
009618.jpg,2
009621.jpg,3
009623.jpg,7
009629.jpg,1
009634.jpg,16
009637.jpg,19
009638.jpg,15
009644.jpg,7
009650.jpg,10
009654.jpg,15
009656.jpg,2
009659.jpg,15
009664.jpg,5
009666.jpg,15
009668.jpg,12
009671.jpg,7
009679.jpg,5
009684.jpg,15
009691.jpg,14
009693.jpg,15
009702.jpg,1
009703.jpg,15
009707.jpg,8
009709.jpg,5
009713.jpg,12
009717.jpg,10
009718.jpg,19
009721.jpg,15
009729.jpg,7
009733.jpg,7
009734.jpg,6
009735.jpg,9
009749.jpg,3
009755.jpg,18
009756.jpg,14
009762.jpg,6
009763.jpg,12
009774.jpg,7
009776.jpg,14
009789.jpg,15
009790.jpg,19
009792.jpg,9
009797.jpg,12
009800.jpg,15
009805.jpg,8
009807.jpg,13
009808.jpg,13
009810.jpg,7
009813.jpg,15
009825.jpg,9
009828.jpg,15
009830.jpg,7
009832.jpg,6
009834.jpg,7
009839.jpg,7
009842.jpg,17
009845.jpg,6
009848.jpg,2
009851.jpg,13
009852.jpg,8
009855.jpg,19
009859.jpg,15
009860.jpg,19
009867.jpg,20
009868.jpg,15
009869.jpg,15
009872.jpg,9
009874.jpg,13
009877.jpg,15
009878.jpg,18
009879.jpg,7
009882.jpg,15
009884.jpg,16
009887.jpg,16
009896.jpg,8
009904.jpg,7
009911.jpg,1
009918.jpg,15
009920.jpg,7
009926.jpg,15
009938.jpg,14
009940.jpg,3
009942.jpg,15
009944.jpg,14
009945.jpg,17
009949.jpg,15
009959.jpg,7
009961.jpg,12
